{"cameraMode":{"drawMode":0,"name":"Shaded","section":"Shading Mode"},"sceneLighting":false,"audioPlay":false,"sceneViewState":{"showFog":true,"showMaterialUpdate":false,"showSkybox":false,"showFlares":true,"showImageEffects":true,"showParticleSystems":true},"in2DMode":false,"pivot":{"x":-0.000039577484130859375,"y":0.12928080558776856,"z":0.00045174360275268555},"rotation":{"x":-0.03825441747903824,"y":0.7266602516174316,"z":-0.04059656336903572,"w":-0.6847307085990906},"size":0.37220609188079836,"orthographic":false}