{"cameraMode":{"drawMode":0,"name":"Shaded","section":"Shading Mode"},"sceneLighting":true,"audioPlay":false,"sceneViewState":{"showFog":true,"showMaterialUpdate":false,"showSkybox":true,"showFlares":true,"showImageEffects":true,"showParticleSystems":true},"in2DMode":false,"pivot":{"x":1.3219159841537476,"y":0.5214703679084778,"z":-31.66518783569336},"rotation":{"x":-0.06838440150022507,"y":-0.9062903523445129,"z":0.1588318645954132,"w":-0.3872942328453064},"size":0.4064352512359619,"orthographic":false}