{"cameraMode":{"drawMode":0,"name":"Shaded","section":"Shading Mode"},"sceneLighting":true,"audioPlay":false,"sceneViewState":{"showFog":true,"showMaterialUpdate":false,"showSkybox":true,"showFlares":true,"showImageEffects":true,"showParticleSystems":true},"in2DMode":false,"pivot":{"x":1.306758165359497,"y":0.5098283290863037,"z":-31.69152069091797},"rotation":{"x":-0.17557774484157563,"y":-0.602985143661499,"z":0.1386951059103012,"w":-0.7660742998123169},"size":0.39379575848579409,"orthographic":false}